hgnc_symbol,stage1,stage2,stage3,stage4
M6PR,629.5114648,761.4114286,1320.745899,683.7184082
RBM5,484.3874518,812.6830612,80.15612537,584.4185723
LAMP2,254.0142374,1205.77551,187.9432099,520.182497
IFRD1,291.5424711,1123.816327,353.531434,132.7968937
SS18L2,1452.454392,313.4489796,713.6719848,791.0170251
IL32,95.54609072,258.8979592,848.043115,645.2968939
BAZ1B,36.55743243,727.8979592,530.2526116,577.8658901
ZNF207,603.9088417,2649.660816,1167.099145,764.5055048
ELOVL5,205.3400097,881.6326531,375.7504273,587.18638
RUNX3,756.9580118,679.3061224,1991.951567,785.3178016
RNF10,166.082529,471.244898,158.9293447,861.5017921
RB1CC1,217.7726834,286.1020408,316.2638177,547.9961171
STRAP,1834.039817,702.3265306,757.2176638,1204.121266
KPNA6,395.1657215,748.1689796,877.4102563,705.4976107
VIM,809.0024856,5256.864286,6061.373789,2215.291019
SLAMF7,241.0019305,1488.938776,712.305793,1803.327658
PRKCH,0.507239383,2.285714286,2.363532764,60.11529271
TNFRSF1B,59.65878379,2258.102041,110.7861348,427.8936679
BCLAF1,1501.175563,781.8720408,3694.382302,1608.655299
RABEP1,268.3361197,550.6734694,924.5160494,767.4940324
GABARAPL2,887.2413127,1631.204082,465.0157645,579.4145759
BOD1L1,1619.323842,1297.163265,2180.712441,1192.968339
CAPG,338.1496139,544.7346939,204.440076,835.8963563
ARAP2,117.531612,0.387755102,887.2586894,456.1200717
TPR,722.3210715,682.7226531,3036.008044,1679.502996
RSF1,1104.300564,406.7665306,800.0661062,1537.913381
PHPT1,109.1961873,908.0816327,234.1177588,572.9814815
SYNE2,295.6481661,1359.734694,1032.036847,93.17592593
KMT2C,278.468388,388.8367347,407.4431149,1507.851978
ZFR,401.3839286,565,131.6710352,755.6908601
GDI2,1073.826921,2892.692041,914.4708642,1075.132981
CCAR1,281.676641,702.4285714,202.2826211,868.5982676
WAPL,454.9403958,493.1836735,710.4653372,335.963859
VMP1,1486.084942,878.1428571,48.03076924,988.8243727
HIPK2,394.0883205,1017.285714,1632.152137,1161.137993
SLC12A2,1577.123794,3121.734694,2010.498006,1471.451016
CNN2,773.0144426,185.9546939,615.7606743,522.5651673
ANKRD44,1421.699807,177.7142857,1266.966952,4869.448328
SLK,254.6085907,4.020408163,54.53789174,946.7201314
THUMPD1,1930.51472,1169.857143,1231.204179,2156.128734
DDX3Y,1208.47973,0.040816327,173.4567901,1919.465353
IDI1,1304.19931,1450.606735,1398.87207,1409.748265
KLF6,5040.201738,5500.326531,3147.439506,7558.754779
TRAM1,482.0410232,1222.163265,2896.260589,2483.555257
DNTTIP2,1002.998793,2108.714286,2168.51453,3366.544803
RHOA,2428.193533,2994.591837,1744.500285,2913.401135
LAPTM4A,690.0866312,1083.040816,793.097626,1885.301972
ATP1B3,4254.086243,13043.67347,5630.977778,3389.5681
UFD1,671.5854247,23.91836735,388.3918329,77.89157707
NUCB2,3.540781853,4.673469388,10.37037037,129.3862007
ING3,491.2835425,472.4285714,244.711491,630.0492832
DERL2,294.1624035,2292.408163,330.881869,1369.757169
KDM5A,1340.81917,1297.632653,242.4847104,440.4435484
ENO1,1849.119933,3794.591837,1350.555935,2215.018949
MYDGF,215.781612,573.6530612,80.74207028,489.6845878
SLC25A3,489.9148166,778.6938776,1886.774739,1204.350657
FOSL2,457.6660232,255.5714286,279.2237417,839.6484468
RAB7A,591.4816603,1698.877551,319.6178537,620.3300478
TOP2B,1251.588321,854.4693878,876.1118708,595.8637993
ITM2A,254.3933398,18.18367347,620.7318139,590.0448029
SAR1A,3602.68195,5270.142857,1961.305033,4493.371864
RSBN1,775.0335427,641.9387755,251.2670465,297.3781362
HSPB11,418.7041506,1266.897959,303.5215574,101.160693
BZW1,1140.294573,1811.102041,1497.947046,3404.982512
CYLD,196.3682433,512.2040816,1195.697436,1149.718638
CHMP2B,900.8310811,1068.816327,761.673884,939.7834526
SMAP2,966.0914573,705.5306122,1898.957455,1257.722521
EIF3I,425.3404923,2184.693878,405.9462488,982.7774792
RBM22,113.480695,321.2653061,339.4547008,1024.232079
RTRAF,375.206805,2046.122449,10.67597341,600.2610514
FKBP1A,698.458849,2517.093061,254.9261842,721.4555078
PEBP1,413.5306467,1128.306122,378.2584996,1347.224313
DDX24,2307.288852,1825.102041,2417.734473,2850.027479
RGS1,717.3614865,3845.979592,975.9101615,1865.043608
DNAJB11,276.3399107,1150.848163,237.7645261,606.6125627
HECTD1,252.9174711,522.5510204,1433.682621,461.4121864
SUPT16H,625.3165323,321.7142857,917.8267713,747.0626046
WAC,731.13972,1491.734694,1181.583476,1388.04092
HNRNPH3,865.3547465,492.1630612,757.6155745,674.1384827
PSMD8,341.6583012,945.2653061,661.3021844,508.0337515
TECR,208.4846984,86.86489796,305.8999373,305.3433961
GADD45B,454.8923745,112.9795918,549.588794,1701.446535
RANBP1,14.19377413,563.0757143,1292.589252,754.5228825
EIF3L,622.324696,1958.212653,3276.714784,869.2739635
DDX17,1890.225145,885.5102041,2037.042545,2578.991936
XBP1,12.48624517,41.59183673,176.2121558,65.06899642
MYH9,718.3585906,679.7346939,923.548148,937.8378138
TNRC6B,4881.905647,4025.489796,2933.899715,7262.755677
EP300,157.0241313,178.3265306,511.0410256,568.9602748
FKBP3,73.1606781,1101.481224,409.1326592,1004.598503
GZMB,12.60593629,917.4081633,22.5688509,1335.477901
SNW1,762.4925457,1323.938776,1730.587622,838.1047461
DHRS7,488.704988,1146.256327,38.57636847,581.573417
HIF1A,2315.916117,1831.061224,1784.518518,2368.567999
SUSD6,1216.347732,3768.897959,1720.122887,1735.366488
TCL1A,1528.813224,1968,120.6273504,538.9557945
PSMC1,153.1380961,479.2371429,1550.688074,880.2628795
PPP4R3A,716.0948358,490.877551,1213.120038,1571.505078
ACIN1,718.5085232,547.0130612,1499.076125,600.3403853
PSME2,1652.789093,3167.530612,3738.105223,2484.933991
RASSF2,831.5777027,1746.428571,1053.616904,623.4713262
NOP56,476.5241313,876.3502041,520.2938273,1001.731986
PPP1R16B,487.4394305,1577.979592,653.080152,342.2013142
VAPA,715.1744691,3481.759796,442.962773,1383.370968
PGK1,2022.530406,1621.142857,2184.546059,2041.458746
CORO1A,855.4924713,261.0606122,1048.980585,486.1262306
NUTF2,231.9833495,531.3877551,1275.034758,1098.364994
CMC2,694.7556323,956.2357143,1297.553324,751.5013563
USP10,498.8585907,1832.142245,865.0564672,1704.943683
UBE2I,987.0023241,1718.693265,1850.184093,131.6137993
GGA2,994.4869691,395.4285714,402.6159544,1270.087515
BLOC1S6,380.0973938,1651.224286,170.1088319,337.18638
ZDHHC2,456.7555502,1215.714286,1939.71472,1252.633811
ECH1,1197.472249,778.2032653,374.751377,1027.186081
OAZ1,10158.80188,7188.998163,4812.418509,12160.63354
NOP53,72.66385135,507.0612245,417.1515669,173.0259857
TWISTNB,345.3462838,394.5918367,1002.035138,1342.863501
MTPN,689.6667472,2372.75898,496.8493542,515.475926
PSMA2,1065.206462,1651.243469,949.4613486,928.2033185
RHEB,481.5984556,86.51367347,222.5512744,726.6911501
SEC61B,187.5600869,1708.897959,1427.982146,469.4602748
AKNA,90.86510619,33.85714286,466.7213676,444.7891278
DOCK8,825.5136076,19.28571429,511.1358023,903.817503
EDF1,64.7861969,830.1632653,115.7576448,679.739546
SETX,1156.494209,2303.734694,292.2305793,283.8142175
ZFAND5,390.8716892,1148.181837,1227.812156,328.5149493
LARP4B,1062.77389,1670.326531,290.9996202,848.9826762
SMC3,358.4379826,637.6734694,673.3769288,584.325221
CCDC47,501.0318531,786.2040816,369.9099715,706.3220669
TMEM33,1343.930985,352.4081633,749.4112061,2006.137396
NDUFC1,577.4032095,925.1428571,77.03038938,254.2697133
FNBP4,567.226834,150.9795918,477.5132005,1476.426822
PPP6R3,1317.709701,513.4285714,24.14169041,1153.74698
CHORDC1,342.3889069,647.4285714,1489.921634,797.8271864
SLC35F2,645.9920367,1654.102041,251.5878442,1307.712366
PTGES3,1624.098938,993.755102,2318.162887,2607.542922
RSRC2,790.8112934,4155.163265,1252.700665,1797.264636
CPSF6,503.8571429,1146.877551,256.1378917,727.816607
KRR1,1236.418075,2123.953878,266.6781482,1239.176517
MRPL51,326.8764479,1500.571429,719.3707501,668.1278136
CHD4,1489.628219,1958.142857,593.6295955,1256.646729
COX6A1,1209.505348,1822.993061,1400.394479,1339.086885
KLRB1,110.6438224,551.0816327,11.64140551,196.167264
ASF1A,236.1385063,781.2444898,97.81046535,258.107951
SOD2,234.5279899,735.514898,281.2920684,342.1101613
PTP4A1,1642.470077,1115,90.94283002,1251.368279
C6orf62,9221.568463,8815.469592,2931.57837,13795.48216
HECA,761.1085906,129.6326531,912.1019942,1123.273596
PHACTR2,144.0921815,0.613673469,59.50085471,280.9970759
CCR6,1111.789139,985.7346939,729.5451091,1254.140382
TTC1,1096.012548,754.244898,339.2357076,486.2559737
NR3C1,936.9949325,2569.469388,861.2871795,993.6185781
CSNK1A1,2652.245876,5929.80898,2180.878874,4177.176135
SMC4,707.0222151,1895.617959,244.3152935,539.5083363
CRBN,575.5764286,481.1020408,100.7390313,724.7008006
RNF7,715.5608108,69.59183673,1.259259259,407.4229391
PDCD10,235.3351834,858.6122449,2019.747008,610.4160693
GNAI2,738.474662,820.8367347,255.9969611,202.172043
CBLB,282.9686294,6.93877551,1052.493827,186.3399044
EEF1B2,1548.652503,1904.915102,3107.583039,2636.948071
DGUOK,417.4700772,1314.265306,825.4444444,1107.804958
MOB1A,3167.434363,3989.795918,1564.563153,2408.155616
RTN4,396.2989865,162.6734694,927.3851852,243.2951016
GLS,98.9287838,1279.265306,512.9633428,661.3258901
CCT4,615.9298553,577.7767347,636.820283,837.8730108
SF3B1,1521.875724,3480,1504.299715,4129.140681
PDCL3,1967.410461,2360.731429,1317.923371,1361.642267
HSPE1,2013.409228,4250.056327,2549.636794,4278.218985
WIPF1,1116.666023,1886.653061,1445.937132,913.1342983
NFE2L2,1453.720478,963.547551,1320.223818,1647.36876
CACYBP,134.3310811,3173.66898,1237.063495,2319.857969
RPL22,713.3273118,1054.36102,2826.195504,1730.576482
RAP1A,45.26520271,699.6530612,1052.538272,293.0881123
SFPQ,1158.473456,2883.102041,2500.788604,1554.777724
RGS2,6411.26641,4315.653061,759.3492878,2878.376344
CD2,39.71187259,19.18367347,932.8246914,282.1096177
CD48,649.1254826,2828.530612,454.374169,1444.571685
RPF1,410.0707046,554.3061224,263.02868,668.9238352
PRRC2C,2214.727076,2505.77551,2581.511871,2010.706093
STMN1,233.3436293,265.0816327,658.0962964,575.9121864
MESD,74.47924713,304.7755102,232.3792972,465.5546595
HMGN3,249.4574807,1083.008163,2.789363723,610.6832678
CCNI,1459.786921,4571.428571,3702.414625,2719.215054
CCND2,544.2485522,324.755102,808.7703704,913.7921147
UBE2B,2891.716216,1369.734694,952.6379867,1600.848865
SET,12896.75308,16460.19204,8780.07316,17293.1844
NPC2,290.8050193,396.9795918,22.65887939,371.0558543
RBM25,1325.318502,1398.805714,2546.906287,2006.472943
YPEL5,6652.925918,5704.632653,4861.462488,4920.185783
PCMT1,362.3807915,684.9591837,120.2640076,673.2485066
CYSTM1,524.7560329,463.9591837,181.7937322,424.1851852
UFM1,55.10497104,750.8367347,417.2087369,1060.899343
EXOSC8,194.1486487,1141.346939,611.9299144,501.8275956
SERP1,1882.731745,1697.795918,1292.744539,1480.041816
TMEM156,3288.495898,510,1748.850332,1523.160992
FYTTD1,968.7002679,877.3265306,2062.318329,866.1344089
ODF2L,37.17060811,0.285714286,237.5188984,131.0274791
NT5C3A,633.7674397,585.4783673,281.009981,612.6927151
ADGRE5,240.1826883,163.165102,293.0747958,322.3729361
OPTN,62.73117759,0.93877551,51.56467235,193.2249104
TUBA1B,1045.979932,12.50510204,2.112410256,785.8487844
AMD1,366.558639,1431.871224,1185.350997,667.8151135
NCOA3,1436.004585,2893.77551,1567.22697,1178.890382
ATP5F1E,1602.520647,3107.245306,2348.138651,1548.068423
SRSF6,5376.798567,4584.571429,2736.467616,9837.896527
RNF114,1467.80695,878.3877551,289.1188984,748.046595
BCAS4,60.11868485,157.0081633,37.48043495,48.00060932
USP9X,988.2355214,95.44897959,1095.25565,510.5600359
SNRPC,232.8733108,37.18367347,1288.96207,524.504779
SOX4,49.30912162,1458.102041,275.1848053,322.0074672
SSR1,381.5284749,308.2857143,819.048623,568.9647551
AHNAK,196.3407336,90.08163265,828.0850902,328.7750896
IRF1,170.7497442,360.4322449,241.899189,1050.383309
NDUFA1,711.2444981,861.4953061,941.2377966,1179.046034
THOC2,366.9008205,868.3673469,501.8138177,1214.729265
SNRPB,691.2864383,1232.141429,737.6414055,1056.935484
SNRPB2,360.9765927,888.7959184,888.8157644,414.4336918
DYNLRB1,131.8045367,499.1428571,40.26001898,329.5158304
EVI2A,499.7603161,94.26877551,173.1148984,615.7707765
BCL11B,46.38175676,1.897959184,65.01595441,466.1747312
HP1BP3,355.0460907,959.5510204,349.3411206,917.0471923
ATF4,301.8265854,917.9759184,2581.267075,1070.102975
EMC4,886.7614673,1689.521224,685.4043135,1009.931036
SNRPN,830.8479754,1193.239388,93.3434169,918.7500179
ARPP19,566.7444499,2492.77551,1746.734473,869.4859618
SPCS3,534.9888996,347.4081633,443.2736942,363.9321983
MIS18BP1,1443.714286,2751.387755,1209.001519,1084.374851
DAD1,560.7249035,1245.77551,473.7460589,991.8419954
REEP5,378.0069981,1033.306122,658.9050333,218.3841577
LSM7,1681.037886,1413.877551,1125.497056,857.4865594
ARPC1B,1209.683576,1637.747143,451.1077018,398.4400658
LSP1,260.7013103,244.1014286,285.8439506,683.1837634
SH3BGRL,1160.502172,1913.142857,882.2611586,1198.739546
PPT1,138.4512838,804.5573469,355.490642,241.5933005
ANKHD1,534.6725097,292.9636735,729.5996201,708.6471476
SNRPA1,412.0853644,89.53061224,167.575094,703.1017264
RAN,5492.561759,1885.637347,4039.743438,7308.345738
NXT1,418.5212356,676.4897959,155.1608737,1065.846476
NASP,503.574807,488.9795918,2157.322716,938.0692949
SERINC3,990.3556952,202.1836735,174.1340931,866.4462366
CCDC59,419.7419474,571.9367347,622.8334282,353.4620669
SWAP70,2134.691603,2359.979592,3730.184615,3047.233871
MRPS36,734.8590732,1380.081633,141.6412156,645.4605138
ARL8B,26.8769305,217.9795918,176.9137702,528.8557348
PTPN22,852.7876446,561.755102,387.2894587,1052.92951
PPHLN1,416.6525097,598.1632653,378.1137702,702.7403285
RPS15A,1620.02826,1752.471429,3033.916268,2096.285544
RBM17,436.1233108,513.2040816,1085.94359,1121.889486
TUT4,709.2027027,2214.77551,1057.805508,1173.506572
TMEM258,230.6264479,586.3877551,951.8940172,788.9835723
ANXA1,46.00361969,143.4081633,2880.588034,2135.271506
CEMIP2,393.1532336,6.081632653,25.1365622,612.4716249
ISCA1,268.519334,630.6687755,745.2826001,1216.605132
ADAM19,1141.376448,423.5102041,61.6526116,901.2341697
TES,366.1760208,526.5416327,305.0066819,521.995454
SYNCRIP,399.0365517,3148.323061,2377.888253,1438.797372
ATP5MC2,462.6747104,919.122449,494.2716049,608.6508364
CD63,927.0270271,1799.714286,2134.68642,658.410693
BLOC1S1,192.3384194,525.5918367,60.50104464,184.9351852
CCT7,589.382722,1868.612245,32.0980057,474.4157706
USP15,778.1590251,1334.244898,1197.237227,877.0471923
DHX9,278.1954634,2155.204082,495.9851852,530.5454003
CEP350,448.1549228,1606.204082,394.7713201,1610.543907
RC3H1,867.144305,407.4081633,1348.189744,1787.694146
ITM2B,1163.774372,495.122449,221.6127255,1862.524194
LCP1,2206.948842,3706.387755,1420.471985,1688.827659
LIMD2,405.8424783,259.0612245,584.3502375,1085.446879
TRA2B,1060.236004,1307.673469,774.0423551,866.4958184
TANK,460.6479247,503.8163265,497.4395063,1066.806153
SKIL,9509.90227,16008.7551,5874.623931,15919.50836
CBWD2,590.5732288,751.9753061,924.6675802,730.9832557
ANP32B,1085.210183,85.91836735,1382.039886,945.5928913
DERL1,333.9648238,265.4693878,1120.488522,531.0973776
TMEM14B,429.2944015,31.36734694,336.1614435,87.38739548
IRF4,950.2277992,9.775510204,275.217094,842.602748
RAB30,697.7828187,1244.897959,171.7705603,1111.356631
THBS1,28.72659267,2.308571429,118.0121557,13.82825568
RAB1A,751.4533639,386.1836735,546.7984807,269.2774791
ACTR2,1448.759932,5756.531633,369.4843305,2236.823659
ATRAID,321.0900096,566.4285714,207.8336182,462.6218638
USP8,1641.739209,237.0408163,677.2621083,517.0765831
CNOT6L,3020.989438,710.3877551,1199.094397,1337.914221
ETV6,994.7347975,1462.469388,1926.05622,839.2771807
SINHCAF,1462.538031,854.6495918,297.7857284,2322.935684
AEBP2,1492.707771,639.1428571,690.6446344,2262.306153
GLTP,867.4796259,440.3061224,165.879962,883.4719354
RHOF,958.509037,1685.213265,900.5629061,1429.969059
TMX1,378.8419402,1776.632245,341.9604938,1429.407706
BNIP2,892.7664626,371.6938776,1361.964815,1475.945885
ETFA,559.4741796,313.8979592,455.2224123,907.7222223
IRF8,1502.550676,1863.204082,1155.553466,1274.934289
NDUFB10,131.9080599,245,141.9251662,251.9540024
SSH2,631.3600386,345.6734694,27.16353276,460.8608125
EIF4A3,201.2067592,1904.816327,542.9103514,1239.301673
ANAPC11,597.066361,1519.693878,64.78043686,630.9563917
BRD4,169.6023166,454.9183673,285.6871795,797.5639186
IFITM3,141.3434339,186.1557143,171.541094,211.7260066
IFNAR1,430.438224,708.1428571,295.8723647,1307.674432
SOD1,759.1737452,1752.979592,1005.168471,522.2715054
ERVK3-1,118.3272587,736.2244898,595.8743172,539.8714516
PSMB6,1807.605454,3405.183673,1951.266476,1528.964755
MCL1,1198.513272,949.0612245,713.7435897,802.5459976
ENSA,199.975654,21.95918367,398.9311396,699.9789425
POGZ,259.5774614,1123.22449,1040.8283,1346.374552
C1orf56,3892.908533,5646.409592,3144.476543,5437.409499
ILF2,2519.320222,1547.326531,1740.036467,1127.589008
LYST,363.177126,842.9591837,470.7082623,1217.636499
SRP9,1916.049549,4675.614898,515.0935993,2187.302008
ARF1,1751.620657,2300.816327,726.9054131,1699.883811
PDIA6,573.4722129,1343.348776,200.2655575,819.2601314
EML4,2930.458482,3362.935918,3095.386311,1305.153871
UBXN4,941.1824325,4907.489796,413.5282051,1246.266727
HSPD1,1590.65036,2687.464694,2943.198126,2456.110968
TMF1,303.42875,2321.495306,174.1015347,777.0151344
NFKBIZ,1135.277268,765.7142857,623.3925926,1251.442354
RUBCN,843.9908519,511.7142857,480.577398,917.9372761
NDUFS6,308.1906371,1166.244898,319.3669516,130.8019714
GZMA,28.98841699,975.1428571,45.52364673,946.9268218
BTF3,1717.926158,5151.225306,2225.050967,3124.450212
TNFAIP8,343.1838803,531.6122449,952.6258309,940.9426525
ATG12,466.6204899,2700.294082,1499.802659,1675.488827
G3BP1,1348.564913,814.9183673,561.959924,1824.448029
NHP2,320.7140468,382.7587755,367.7276619,949.4026944
HIGD2A,295.416583,529.7218367,316.3283951,434.5470251
ABRACL,199.313224,1250.877551,222.3451092,586.5531662
MDH2,540.1826738,1092.081633,253.540171,115.6239546
TACC1,173.4493243,515.7959184,392.8757836,698.8348268
NDUFB9,352.9435763,1392.830612,297.619548,634.9238321
PLIN2,357.7666506,3457.428571,774.2446343,1236.885305
CBWD5,336.5828306,917.8485714,66.97287178,1037.449489
POLE3,605.2331081,864.877551,311.774169,602.8718638
ADD3,287.9589769,86.97959184,357.4395062,645.1379929
EIF4EBP2,938.6187261,428.2857143,14.37473884,429.7948029
GSTO1,214.1083494,62.12244898,122.8364672,130.2210275
EIF3M,1132.317061,563.7916327,979.5845319,1485.114899
CWC15,1085.627413,2001.755102,612.2309591,360.1146954
PDCD4,5029.896316,2785.167755,4436.54581,5384.898253
PIP4K2A,3017.449083,2711.081633,2189.8283,4840.204003
CRIM1,374.6498553,195.0408163,646.148148,464.0704899
NGLY1,1194.74638,2152.020408,878.7967713,1834.038812
TMEM263,504.7010473,0.816326531,15.22905983,1368.177718
EIF4E,1396.57069,2256.017755,624.8235462,795.3877031
FAM177A1,382.3351834,863.3469388,673.3895536,750.8975509
CDC123,207.8400242,679.2289796,726.8889647,685.0328824
ATP5F1A,824.2024612,2156.122449,2281.388604,1127.815113
TGOLN2,1263.145994,589.9795918,1283.655081,641.5086619
UTRN,2612.435328,390.7959184,394.5023742,601.6565114
SMARCA5,600.7510811,962.6493878,479.2477209,839.6539546
RANBP2,3260.113545,2500.496939,1543.618902,1806.048931
CD96,719.9802126,21.02040816,120.4011396,478.4250299
SREK1,439.6925628,1925.530612,1853.090788,1129.806496
TBRG1,658.8696912,652.3673469,238.5002849,623.1215652
MIA3,131.1156467,1388.673469,868.7026212,679.513142
BUB3,1352.731419,1603.612245,281.8864197,1270.253883
ATP5MC3,114.8894787,1624.55102,421.777018,528.175926
ATP5PF,1949.284508,1264.653061,1702.693447,1272.539128
XPC,492.4858929,47.58122449,563.6551244,530.1306452
ANKRD40,748.187406,2787.450816,1493.47256,1408.349029
SAMSN1,3172.493002,385.1836735,1922.281102,2404.045102
ZCCHC10,152.4712838,536.6938776,137.1396011,1086.879331
SLC16A1,182.5600869,1083.22449,3.572839506,575.5755675
ELMO1,312.5808398,174.2653061,1047.160114,248.749104
SLA,249.4693533,3.142857143,763.7038935,306.14546
USP16,271.0443099,1641.436122,870.9960114,1510.119713
ATP5MPL,748.2039093,895.4489796,501.6203229,524.651135
WASF2,1835.213644,1490.962653,1355.320853,1303.212049
AUTS2,93.97031853,21.63265306,413.3263057,99.281362
TAGLN2,863.4857624,593.6122449,971.0900854,1668.216311
ADIPOR1,485.8277027,305.0408163,1378.169991,360.6914576
BTG2,859.4840732,1885.673469,118.1244065,412.2111708
SAFB,312.6221139,875.4395918,303.8183533,487.8211171
ADAR,418.8158784,423.0816327,218.7623932,1394.252389
CCDC12,546.0752896,1.326530612,163.8195632,472.7165472
ORAI2,956.2524134,321.6530612,984.2811017,315.9456392
SQSTM1,623.6250338,1055.42449,175.66215,2324.253919
RPL8,3518.105454,6300.795918,3138.529155,4454.128136
AP2M1,401.8759653,782.8163265,58.28869895,401.5316607
U2AF1L4,647.6722973,522.4489796,497.5100646,728.3089519
IKZF3,567.4956564,405.8367347,859.4415955,418.1508363
CMPK1,13.82142857,257.8163265,99.57834757,432.4103943
FUBP1,286.9162645,859.5714286,346.7781576,581.8094385
WDR26,465.0777027,1106.959184,1134.6585,1036.517622
DPY30,572.3306684,342.4504082,257.8001387,567.5865771
S100A11,283.9263996,647.244898,635.8396961,481.6609916
ARHGAP25,682.4186776,1113.183673,859.7604937,588.4405616
MRPS18C,185.0012596,456.8163265,795.3083363,598.650914
CGGBP1,131.111028,340.4285714,802.2923077,495.6932497
HIPK1,120.2019788,52.93877551,256.6510921,376.0459976
ATP1A1,371.0420946,220.877551,1304.771767,605.4203104
KRTCAP2,319.2179054,736.7346939,358.4260209,436.9023298
CCT3,331.4000965,276.1836735,1885.838366,967.6505375
TRAT1,3.705357143,1.142857143,3.108641975,673.9758065
PSMD6,298.6160715,662.3877551,144.497246,748.7037039
WDR43,911.089527,852.244898,1351.673314,1700.103346
DTX3L,410.6076255,224.3877551,388.611206,858.157109
RPN1,618.0697394,573.5918367,508.8581196,383.4339905
DNAJB14,226.1782819,378.9791837,712.9443684,653.71181
C4orf3,1141.851593,3983.469388,1892.023362,2515.063023
ANXA5,296.5289576,197.8571429,1283.565432,220.3670848
UQCRQ,865.1242762,1715.55102,865.0499526,1250.138928
CREBRF,417.1561294,784.0612245,868.4866095,1225.428614
PTTG1,600.2333493,1650.530612,125.7675214,232.172043
SYTL3,35.30429537,119.8979592,5.301424501,288.852748
TP53INP1,120.2917471,6.714285714,1223.151187,545.7153525
PCF11,453.0191361,336.2718367,1160.440332,860.945708
ATP5F1C,312.1978765,3063.387755,486.4440646,988.2401434
VDAC2,536.6898288,1188.545306,815.2228225,1610.713414
FUNDC2,1568.720068,627.41,564.1953124,653.9793011
CCDC186,160.9850386,597.9387755,259.7753087,894.4707288
CEP57,1140.519787,152.1428571,751.2778726,850.8416967
RAB8B,472.1356178,3373.244898,1997.592402,2253.190263
CCT2,962.2970562,675.2244898,1543.921178,1404.442951
SEC11C,135.9756274,488.7142857,837.2926875,532.0062724
HSP90B1,2714.761921,1283.243673,4741.927926,2184.383208
AP1G1,937.2707528,748.3265306,183.5906932,1364.787336
CIAO2A,1388.621139,846.3061224,459.4089269,639.1580048
TERF2IP,591.1117616,1538.632653,487.6110162,814.1541219
CD3D,15.70921814,619.8163265,602.8955365,279.1117085
RAB8A,434.761653,1032.398163,252.8713656,459.2706751
JSRP1,20.73335425,19.96102041,42.38168091,23.93606034
ATP5PD,186.887307,674.2857143,300.1725071,416.5206093
POLR2G,267.1522684,1866.44898,1106.977778,499.0866189
RPSA,2485.422433,6596.505102,5137.726765,2830.930911
MAPK1IP1L,1685.649131,1777.816327,824.00038,2958.605137
DDIT4,421.6954488,6.178979592,169.909339,568.9727211
IRF2BP2,1125.083719,1510.327755,662.8451055,944.2362396
PDHB,1372.38839,1125.69551,643.784625,505.2474791
STAT3,575.1749518,446.6734694,1113.108072,1475.528674
RNF181,349.8675193,582.1632653,5.448812915,165.3978495
LETM1,1274.118243,711.6530612,1552.639506,1066.717145
UQCRFS1,1183.605389,2571.342653,352.422074,647.7655735
LMAN2,827.780888,545.244898,161.8769231,1034.030167
GPR183,9832.771718,2479.408163,10367.31852,8110.147251
HINT1,1541.603041,1926.77551,2108.500095,2696.343489
BOLA2B,313.0130599,1425.969388,621.7281634,355.513871
LIMS1,12.26831323,2.18755102,543.4743267,412.9963829
SYAP1,1294.579392,2521.346939,1436.187654,1641.842593
TOR1AIP2,2444.435328,3184.326531,423.4,2365.159284
TMEM154,2463.226352,898.5306122,602.4936373,1088.487156
STAT2,1071.944257,928.5102041,147.2077873,771.7267026
HSPA4,356.5764961,241.4081633,291.1160494,865.2093787
CHCHD7,459.9010618,341.9591837,438.7031339,675.1795102
LSM3,604.8741458,496.554898,149.4154264,713.9284349
RPS9,799.8126689,1390.163878,1308.120072,1463.703734
NDUFA3,563.717085,221.8163265,266.8849003,414.1956183
PGAM1,280.5302775,975.9138776,1250.467597,933.359525
CHD7,584.8513514,760.0204082,293.9661918,734.2586619
RSL1D1,2405.874517,4385.387755,2336.916999,3050.778077
TBCA,360.1908784,700.6530612,648.6161443,313.7792712
ATF7IP,562.0135135,84.89795918,556.354226,1272.790323
CAMTA1,566.7828186,696.0816327,1790.97303,563.0486858
SMN1,161.2292495,0.762244898,26.96848433,270.6330556
ZNF24,189.9905888,3168.938776,969.9610636,739.405914
PPP1CA,1102.326006,878.0687755,1031.833191,524.1751673
CFL1,2546.923745,4026.795306,2103.110352,3444.192282
CBWD1,131.4376689,967.2008163,415.5678481,422.5560126
MRPL57,239.5125483,772.2040816,239.2132953,340.9970131
PARP14,1975.927124,3159.877551,587.9819562,5008.486261
NABP1,1371.338861,242.6530612,689.7406933,2002.343489
CHD2,4273.181468,2890.271837,4569.78075,3560.077572
EIF1AX,702.9205186,275.7387755,1008.107854,1702.011458
TOMM20,220.1732963,1548.234286,225.9532194,193.9944235
GNG5,231.1792954,793,1339.220323,649.4053166
TRMT10C,426.5721526,452.9387755,323.0898386,517.9193549
ANKRD36C,270.2701545,29.88326531,797.2119753,450.2773268
RSRC1,401.8618533,811.0761224,165.6252422,1029.083232
RHOG,475.8923745,802.8367347,1160.374739,989.5092594
ARIH2,645.2462983,200.5132653,439.2493637,1488.444514
AP3S1,285.9804537,2288.285714,432.2735042,1046.370104
UBE2N,1429.779416,1798.428571,511.5011472,2094.328268
MAF,189.6848456,1257.897959,38.80094968,225.8443847
SELENOW,356.9138514,258.8571429,1140.211966,375.1415771
RAD23A,421.554918,496.5008163,918.1944919,339.7982885
MYADM,133.7934194,666.9459184,18.67787275,66.83060336
PAK2,602.3011581,67.10204082,1373.036467,847.3720015
HIGD1A,136.7897515,2547.457959,900.5696105,707.0939638
ZBTB20,930.5709216,1233.769388,689.0602222,1202.747312
IST1,797.4418437,275.3877551,614.3217473,541.4106273
ARL6IP4,295.082751,1035.746735,592.4619279,731.7475598
ATP6AP2,446.418195,17.08163265,111.7380817,618.619773
KPNA2,691.5980092,1695.383061,444.5511871,1247.40664
SATB1,851.8330118,626.6734694,495.0588794,1299.572282
TTC3,1112.416631,1839.124694,2951.367056,2438.813118
ANXA2,364.3313634,149.9791837,1746.291848,902.1749462
RPS17,1392.326979,2198.943469,3348.538792,2547.781682
LCK,532.9382239,885.0408163,98.03950618,241.655914
SRPRA,105.7285231,747.755102,265.9339031,646.3611114
DAZAP2,3452.479488,4317.693878,1407.774739,3843.764746
ALYREF,287.0844595,3.693877551,50.46058879,55.15621268
EIF3C,602.6425676,522.2432653,792.4224311,633.9586291
PPP1R2,628.7220222,2240.375102,514.0766192,768.3696207
TSPYL2,48.69739382,57.53061224,648.9283951,827.6989249
PDE4B,2892.295367,790.5510204,2940.048053,1718.113799
IFITM2,666.22243,958.8053061,886.8186459,1000.039501
PRPF39,207.7121501,228.9065306,359.6698101,708.301138
UBE2L3,621.1030479,2647.18551,1059.681088,1464.300938
BRWD1,291.4133133,1169.356531,200.7215442,800.0041816
IKZF1,691.1030405,287.2040816,693.9838557,446.3288531
NDUFA13,1987.79868,5148.090204,1049.48604,1782.029869
GNG2,362.9858736,1919.923673,977.8067675,834.6411022
FNBP1,2041.980936,1631.346939,2363.167901,3256.275389
ARL4C,107.7362452,148.5102041,919.0499526,228.6624851
SRSF10,2293.977558,1891.612245,1925.063248,2106.842593
TMEM120B,122.328651,296.8085714,134.0693257,240.3767055
LITAF,1340.631274,1638.204082,774.0469136,2851.800478
MPHOSPH8,349.3977582,308.2089796,393.9517569,891.3769683
EVL,224.6312693,165.0612245,48.64986325,689.1895312
PRPF40A,1080.666988,1396.591837,2661.699335,1823.468638
TRAPPC4,112.6042471,452.0408163,173.814245,560.7672103
CD47,1068.104971,5731.428571,1560.470655,6813.478794
STRN3,2660.660246,1047.384082,2436.80094,1836.985998
PELI1,548.4331564,2.204081633,906.6993353,552.6780168
CDC42SE1,609.9046911,64.83530612,218.031339,1031.261948
S100A10,730.30333,542.1020408,1105.282811,569.6857826
S100A6,387.9785232,455.7755102,596.3623932,417.7341697
SVIP,384.7451738,217.6059184,68.99943019,407.6705496
YTHDF2,796.3060715,2428.996939,832.9454759,998.4100476
TLK1,2355.447394,4130.428571,3035.558784,5436.719236
RPL10A,3218.294457,6106.28551,2772.404912,3151.62411
CNOT7,810.1906008,1848.301429,1187.922384,1959.778611
SFT2D1,1051.451737,2838.244898,665.5642924,859.8808246
UBE2J1,429.5060329,1506.55102,623.8127254,372.8757467
APRT,577.2094595,688.3469388,165.8334283,252.385902
COX20,233.2418219,703.4722449,335.2214929,243.3097282
BRD2,1286.89397,1691.29551,604.6041785,1105.557365
PSMB8-AS1,192.8647804,4.83244898,186.0538158,415.5069534
SDHD,557.302973,934.5202041,242.2366591,1356.380714
HSPA1A,153.8974059,0.489795918,141.9828623,1813.936356
CARD16,379.3222104,418.9591837,122.269943,273.4016219
HLA-F,414.3535377,769.6842857,228.7300855,642.266377
PSMB10,356.5038779,533.23,694.0954873,571.1022282
SARNP,466.8577076,526.8677551,211.8779392,1173.681464
NAP1L4,185.0439189,910.4285714,114.0518519,600.5922938
HLA-H,32.89807191,11.77530612,5.702222223,2.409820789
DNAJC9,610.8938417,1568.14551,1562.490722,279.6597073
VDAC1,444.1674711,118.7142857,1045.382716,811.6242085
LBH,754.8921332,169.3877551,625.7924025,620.6526284
TOMM6,779.86875,851.0002041,394.8399772,807.1602628
DDX3X,1755.694624,10947.00367,2311.031149,5928.044057
TSTD1,415.5656371,605.7346939,293.6100665,435.2162485
FNIP1,707.9423262,2127.653061,330.3523267,966.5047789
CKLF,268.3570367,122.9183673,34.7377018,374.5061768
RPL21P28,1.037528958,3.323265306,1.723492877,1.114904421
CYTOR,62.36726834,343.7287755,194.7279107,394.3106452
NOL7,399.0130888,632.0816327,590.6465338,1042.947599
HLA-DRB6,405.0591892,90.92326531,6.209196582,195.8279898
HSBP1,542.734556,1160.877551,1714.883001,817.9139785
HLA-B,7294.524086,12627.41776,15522.65035,11549.0607
PSMB9,651.0456081,1362.714286,1030.439696,862.2791548
MRPL33,88.32043919,1643.194898,424.9516315,414.0233214
MRPS6,852.1118511,534.6116327,1094.891548,1272.066816
APOBEC3C,2740.629103,3335.285714,699.6586895,1668.893071
PCED1B-AS1,670.4191603,2994.345306,152.8039886,1572.20908
PRKDC,867.2471041,2404.693878,746.7627729,1221.999104
LYN,1190.256999,2284.755102,477.9527067,1433.996416
CHMP4A,344.2357022,283.5057143,910.3522034,658.3196267
IGLL5,169.5508398,195.5642857,688.7198138,545.53204
LSM14A,201.4239865,707.877551,411.2438747,804.3757467
CHURC1,257.7345198,2000.838776,141.5773713,321.3730944
CCL5,522.102558,3680.122449,990.5808166,2926.291816
DCP1A,117.8296332,171.6326531,576.8759733,740.448626
LINC01578,693.4179247,819,520.2879392,953.902512
TAF9,593.3597056,360.3746939,131.7304843,266.9137724
CCL4,60.6045415,1.081632653,42.1579962,209.4621416
MARCKS,2340.969836,1391.408163,1182.516049,8344.485664
CCL3,1.191602317,8.752857143,517.8339448,398.1819056
GGNBP2,378.4169884,1133.938776,449.7648623,376.1290323
